NOT_FOUND,../website.wiki/menagerie/Boundary-Risk.md,64,agency-risk#staff-risk,Staff
NOT_FOUND,../website.wiki/menagerie/Boundary-Risk.md,160,coding,Refactoring
NOT_FOUND,../website.wiki/menagerie/Boundary-Risk.md,269,communication#protocols,protocols
NOT_FOUND,../website.wiki/menagerie/Boundary-Risk.md,31,communication-risk#protocol,protocol
NOT_FOUND,../website.wiki/menagerie/Boundary-Risk.md,326,complexity-risk#protocol-risk,protocol risk
NOT_FOUND,../website.wiki/menagerie/Boundary-Risk.md,271,complexity-risk#protocols,Complexity Risk
NOT_FOUND,../website.wiki/menagerie/Boundary-Risk.md,237,relational database,Relational Databases
NOT_FOUND,../website.wiki/menagerie/Communication-Risk.md,68,coding#pair-programming--mob-programming,Pair Programming
NOT_FOUND,../website.wiki/menagerie/Communication-Risk.md,356,communication-risk#trust-risk--belief-risk,Belief Risk
NOT_FOUND,../website.wiki/menagerie/Communication-Risk.md,68,extreme-programming,Extreme Programming
NOT_FOUND,../website.wiki/menagerie/Complexity-Risk.md,249,,Antoine de Saint-Exupery
NOT_FOUND,../website.wiki/menagerie/Complexity-Risk.md,218,coding,Prototyping
NOT_FOUND,../website.wiki/menagerie/Complexity-Risk.md,220,coding,Refactor
NOT_FOUND,../website.wiki/menagerie/Complexity-Risk.md,299,operational-risk#performance-risk,Operational Risk
NOT_FOUND,../website.wiki/menagerie/Complexity-Risk.md,351,operational-risk#performance-risk,Performance Risk
NOT_FOUND,../website.wiki/menagerie/Complexity-Risk.md,361,operational-risk#performance-risk,Performance Risk
NOT_FOUND,../website.wiki/menagerie/Complexity-Risk.md,166,testing,Testing
NOT_FOUND,../website.wiki/menagerie/Complexity-Risk.md,166,testing#code-coverage,Code Coverage
NOT_FOUND,../website.wiki/menagerie/Coordination-Risk.md,133,coordination-risk#problems-in-coordination,Resource Allocation
NOT_FOUND,../website.wiki/menagerie/Coordination-Risk.md,5,glossary#take-action,take actions
NOT_FOUND,../website.wiki/menagerie/Dependency-Risk.md,61,,Schedule Risk
NOT_FOUND,../website.wiki/menagerie/Dependency-Risk.md,13,boundary-risk#dead-end-risk,Dead-End Risk
NOT_FOUND,../website.wiki/menagerie/Dependency-Risk.md,79,boundary-risk#dead-end-risk,Dead-End Risk
NOT_FOUND,../website.wiki/menagerie/Dependency-Risk.md,166,communication-risk#trust-risk,Trust Risk
NOT_FOUND,../website.wiki/menagerie/Dependency-Risk.md,65,glossary#take-action,Taken Action
NOT_FOUND,../website.wiki/menagerie/Dependency-Risk.md,181,images/generated/feature-risk.png,Feature Fit Risk
NOT_FOUND,../website.wiki/menagerie/Dependency-Risk.md,74,operational-risk#reliability-risk,Reliability Risk
NOT_FOUND,../website.wiki/menagerie/Dependency-Risk.md,140,pmbok,Project Managment Body Of Knowledge
NOT_FOUND,../website.wiki/menagerie/Dependency-Risk.md,140,prioritisation,Prioritisation
NOT_FOUND,../website.wiki/menagerie/Feature-Risk.md,62,,Feature Access Risk
NOT_FOUND,../website.wiki/menagerie/Feature-Risk.md,66,,Feature Access Risk
NOT_FOUND,../website.wiki/menagerie/Feature-Risk.md,85,,querty
NOT_FOUND,../website.wiki/menagerie/Feature-Risk.md,111,,Feature Risk
NOT_FOUND,../website.wiki/menagerie/Feature-Risk.md,113,,Feature Risks
NOT_FOUND,../website.wiki/menagerie/Feature-Risk.md,125,,Fit Risk
NOT_FOUND,../website.wiki/menagerie/Feature-Risk.md,137,,Feature Access Risk
NOT_FOUND,../website.wiki/menagerie/Feature-Risk.md,141,,Regression Risk
NOT_FOUND,../website.wiki/menagerie/Feature-Risk.md,50,design,Design
NOT_FOUND,../website.wiki/menagerie/Feature-Risk.md,26,documentation,Documentation
NOT_FOUND,../website.wiki/menagerie/Feature-Risk.md,34,operational-risk#reputational-risk,Reputation Risk
NOT_FOUND,../website.wiki/menagerie/Feature-Risk.md,40,prioritisation,Backlog
NOT_FOUND,../website.wiki/menagerie/Feature-Risk.md,82,requirements-capture,Requirements captured
NOT_FOUND,../website.wiki/menagerie/Feature-Risk.md,133,staging-and-classifying#your-feature-risk-is-someone-else-s-dependency-risk,Staging And Classifying
NOT_FOUND,../website.wiki/menagerie/Feature-Risk.md,26,training,Training
NOT_FOUND,../website.wiki/menagerie/Map-And-Territory-Risk.md,3,,Abstraction
NOT_FOUND,../website.wiki/menagerie/Map-And-Territory-Risk.md,13,,Map And Territory Risk
NOT_FOUND,../website.wiki/menagerie/Map-And-Territory-Risk.md,17,,Map and Territory Risk
NOT_FOUND,../website.wiki/menagerie/Map-And-Territory-Risk.md,29,,Map and Territory Risks
NOT_FOUND,../website.wiki/menagerie/Map-And-Territory-Risk.md,31,,Internal Model
NOT_FOUND,../website.wiki/menagerie/Map-And-Territory-Risk.md,32,,Internal Model
NOT_FOUND,../website.wiki/menagerie/Map-And-Territory-Risk.md,36,,Dependency Risks
NOT_FOUND,../website.wiki/menagerie/Map-And-Territory-Risk.md,38,,Internal Model
NOT_FOUND,../website.wiki/menagerie/Map-And-Territory-Risk.md,40,,Feature Risk
NOT_FOUND,../website.wiki/menagerie/Map-And-Territory-Risk.md,42,,Feature Risk
NOT_FOUND,../website.wiki/menagerie/Map-And-Territory-Risk.md,46,,Features
NOT_FOUND,../website.wiki/menagerie/Map-And-Territory-Risk.md,49,,Internal Models
NOT_FOUND,../website.wiki/menagerie/Map-And-Territory-Risk.md,50,,Internal Models
NOT_FOUND,../website.wiki/menagerie/Map-And-Territory-Risk.md,54,,Internal Models
NOT_FOUND,../website.wiki/menagerie/Map-And-Territory-Risk.md,56,,Communication Risk
NOT_FOUND,../website.wiki/menagerie/Map-And-Territory-Risk.md,57,,Coordination Risk
NOT_FOUND,../website.wiki/menagerie/Map-And-Territory-Risk.md,58,,Market Risk
NOT_FOUND,../website.wiki/menagerie/Map-And-Territory-Risk.md,81,,Learning Curve
NOT_FOUND,../website.wiki/menagerie/Map-And-Territory-Risk.md,83,,Map and Territory Risk
NOT_FOUND,../website.wiki/menagerie/Map-And-Territory-Risk.md,85,,Map and Territory Risk
NOT_FOUND,../website.wiki/menagerie/Map-And-Territory-Risk.md,91,,Communication Risk
NOT_FOUND,../website.wiki/menagerie/Map-And-Territory-Risk.md,95,,Boundary Risk
NOT_FOUND,../website.wiki/menagerie/Map-And-Territory-Risk.md,137,,Hype Cycle
NOT_FOUND,../website.wiki/menagerie/Map-And-Territory-Risk.md,141,,Map and Territory Risk
NOT_FOUND,../website.wiki/menagerie/Map-And-Territory-Risk.md,149,,Map and Territory Risk
NOT_FOUND,../website.wiki/menagerie/Map-And-Territory-Risk.md,151,,Map and Territory Risk
NOT_FOUND,../website.wiki/menagerie/Map-And-Territory-Risk.md,155,,Map and Territory Risk
NOT_FOUND,../website.wiki/menagerie/Map-And-Territory-Risk.md,163,,Map And Territory Risk
NOT_FOUND,../website.wiki/menagerie/Map-And-Territory-Risk.md,172,,Agency Risk
NOT_FOUND,../website.wiki/menagerie/Map-And-Territory-Risk.md,183,,Conway's Law
NOT_FOUND,../website.wiki/menagerie/Map-And-Territory-Risk.md,196,,Map and Territory
NOT_FOUND,../website.wiki/menagerie/Map-And-Territory-Risk.md,202,,Map and Territory Risk
NOT_FOUND,../website.wiki/menagerie/Map-And-Territory-Risk.md,210,,Coordination Risk
NOT_FOUND,../website.wiki/menagerie/Map-And-Territory-Risk.md,225,,Coordination
NOT_FOUND,../website.wiki/menagerie/Map-And-Territory-Risk.md,229,,Risk Landscape
NOT_FOUND,../website.wiki/menagerie/Map-And-Territory-Risk.md,202,agency-risk#pet-project,Vanity Projects
NOT_FOUND,../website.wiki/menagerie/Map-And-Territory-Risk.md,137,feature-risk#red-queen-risk,markets evolve to demand more features
NOT_FOUND,../website.wiki/menagerie/Operational-Risk.md,5,,Operational Risk
NOT_FOUND,../website.wiki/menagerie/Operational-Risk.md,9,,Operational Risks
NOT_FOUND,../website.wiki/menagerie/Operational-Risk.md,11,,Staff Risk
NOT_FOUND,../website.wiki/menagerie/Operational-Risk.md,15,,Availability Risk
NOT_FOUND,../website.wiki/menagerie/Operational-Risk.md,20,,Process Risk
NOT_FOUND,../website.wiki/menagerie/Operational-Risk.md,25,,Software Dependency Risk
NOT_FOUND,../website.wiki/menagerie/Operational-Risk.md,28,,Agency Risk
NOT_FOUND,../website.wiki/menagerie/Operational-Risk.md,35,,Hunter-Gathering
NOT_FOUND,../website.wiki/menagerie/Operational-Risk.md,41,,"Operations Management" by _Slack et al._
NOT_FOUND,../website.wiki/menagerie/Operational-Risk.md,51,,Operations Management
NOT_FOUND,../website.wiki/menagerie/Operational-Risk.md,63,,Mitigating Operational Risk Increases Complexity
NOT_FOUND,../website.wiki/menagerie/Operational-Risk.md,67,,Dependencies
NOT_FOUND,../website.wiki/menagerie/Operational-Risk.md,85,,Production Risk
NOT_FOUND,../website.wiki/menagerie/Operational-Risk.md,95,,Feature Risk
NOT_FOUND,../website.wiki/menagerie/Operational-Risk.md,96,,Schedule Risks
NOT_FOUND,../website.wiki/menagerie/Operational-Risk.md,98,,Operational Risk
NOT_FOUND,../website.wiki/menagerie/Operational-Risk.md,103,,Sprints
NOT_FOUND,../website.wiki/menagerie/Operational-Risk.md,104,,Modular Releases
NOT_FOUND,../website.wiki/menagerie/Operational-Risk.md,131,,Agency Risk
NOT_FOUND,../website.wiki/menagerie/Operational-Risk.md,138,,Firewalls
NOT_FOUND,../website.wiki/menagerie/Operational-Risk.md,167,,Operational Risk
NOT_FOUND,../website.wiki/menagerie/Operational-Risk.md,169,,Feedback Loops
NOT_FOUND,../website.wiki/menagerie/Operational-Risk.md,179,,take action
NOT_FOUND,../website.wiki/menagerie/Operational-Risk.md,181,,Risk Landscape
NOT_FOUND,../website.wiki/menagerie/Operational-Risk.md,197,,Security Risk
NOT_FOUND,../website.wiki/menagerie/Operational-Risk.md,169,monitoring,Monitoring
NOT_FOUND,../website.wiki/menagerie/Process-Risk.md,95,,Complexity Risk
NOT_FOUND,../website.wiki/menagerie/Process-Risk.md,11,process,Part 3: Practices
NOT_FOUND,../website.wiki/menagerie/Process-Risk.md,116,process-risk#process-accretion-and-bureaucracy-risk,Bureaucracy Risk
NOT_FOUND,../website.wiki/menagerie/Process-Risk.md,122,process-risk#process-accretion-and-bureaucracy-risk,Bureaucratic Risk
NOT_FOUND,../website.wiki/menagerie/Process-Risk.md,112,review,Retrospectives and Reviews
NOT_FOUND,../website.wiki/menagerie/Process-Risk.md,140,sign-off,Sign-Off
NOT_FOUND,../website.wiki/menagerie/Process-Risk.md,145,sign-off,Sign Offs
NOT_FOUND,../website.wiki/menagerie/Process-Risk.md,148,sign-off,Sign Offs
NOT_FOUND,../website.wiki/menagerie/Risk-Landscape.md,44,home#part-1-introduction,Part 1
NOT_FOUND,../website.wiki/menagerie/Risk-Landscape.md,77,production-risk,Operational Risk
NOT_FOUND,../website.wiki/menagerie/Schedule-Risk.md,21,goal-in-mind,Goal In Mind
NOT_FOUND,../website.wiki/menagerie/Schedule-Risk.md,80,prioritisation,Prioritisation
NOT_FOUND,../website.wiki/menagerie/Software-Dependency-Risk.md,145,silver-bullets,Silver Bullet
NOT_FOUND,../website.wiki/menagerie/Staging-And-Classifying.md,5,,Stage
NOT_FOUND,../website.wiki/menagerie/Staging-And-Classifying.md,25,,Features
NOT_FOUND,../website.wiki/menagerie/Staging-And-Classifying.md,28,,Complexity
NOT_FOUND,../website.wiki/menagerie/Staging-And-Classifying.md,36,,Boundary Risk
NOT_FOUND,../website.wiki/menagerie/Staging-And-Classifying.md,37,,Map And Territory Risk
NOT_FOUND,../website.wiki/menagerie/Staging-And-Classifying.md,43,,Dependency Risk
NOT_FOUND,../website.wiki/menagerie/Staging-And-Classifying.md,44,,Evolution
NOT_FOUND,../website.wiki/menagerie/Staging-And-Classifying.md,45,,Dependency
NOT_FOUND,../website.wiki/menagerie/Staging-And-Classifying.md,51,,Market Risk
NOT_FOUND,../website.wiki/menagerie/Staging-And-Classifying.md,55,,Dependency Risk
NOT_FOUND,../website.wiki/menagerie/Staging-And-Classifying.md,57,,Feature Risk
NOT_FOUND,../website.wiki/menagerie/Staging-And-Classifying.md,68,,people
NOT_FOUND,../website.wiki/menagerie/Staging-And-Classifying.md,95,a-pattern-language,at the start
NOT_FOUND,../website.wiki/menagerie/Staging-And-Classifying.md,35,communication-risk#learning-curve,Learning Curve
NOT_FOUND,../website.wiki/menagerie/Staging-And-Classifying.md,19,communication-risk#network,network protocols
NOT_FOUND,../website.wiki/menagerie/Staging-And-Classifying.md,27,communication-risk#protocol,Protocol
NOT_FOUND,../website.wiki/menagerie/Staging-And-Classifying.md,45,coordination risk,Coordination Risk
NOT_FOUND,../website.wiki/menagerie/draft/oprisk_notes.md,27,,Reliability Risk
NOT_FOUND,../website.wiki/menagerie/draft/oprisk_notes.md,29,,Operational Risk
NOT_FOUND,../website.wiki/menagerie/draft/oprisk_notes.md,31,,Operational Risk
NOT_FOUND,../website.wiki/supporting/Executive-Summary.md,5,,Continuous Integration
NOT_FOUND,../website.wiki/supporting/Executive-Summary.md,5,coding,Pair Programming
NOT_FOUND,../website.wiki/supporting/Executive-Summary.md,55,contract,contract with a supplier
NOT_FOUND,../website.wiki/supporting/Executive-Summary.md,27,home,Risk-First
NOT_FOUND,../website.wiki/supporting/Executive-Summary.md,53,review,Code Review
NOT_FOUND,../website.wiki/supporting/Executive-Summary.md,5,testing,Unit Testing
NOT_FOUND,../website.wiki/supporting/Executive-Summary.md,54,testing,Unit Tests
